CATEGORY,TP,TN,FP,FN,MCC
cocoa,1,10309,0,67,0.12087565262651749
oat,0,10364,2,11,-0.00045228448015052666
soybean,0,10264,4,109,-0.002023243368913291
earn,0,1221,9140,16,-0.10681872811170033
money-fx,0,9693,22,662,-0.012032167830746185
interest,0,9952,12,413,-0.006927302236384428
acq,0,295,10068,14,-0.2098039364963273
oilseed,0,10195,1,181,-0.0013080049649601643
corn,0,10154,1,222,-0.0014515150455001247
coffee,0,10234,1,142,-0.0011563392496324895
cpi,0,10273,4,100,-0.0019370669372574746
