CATEGORY,TP,TN,FP,FN,MCC
cocoa,1,10309,0,67,0.12087565262651749
oat,2,10364,0,11,0.3920242847729137
soybean,2,10264,2,109,0.09340403102827108
earn,3760,1221,5380,16,0.26835174268713086
money-fx,22,9693,0,662,0.17351512774182512
interest,11,9952,1,413,0.15053112404409524
acq,2196,295,7872,14,0.07174484410121036
oilseed,1,10195,0,181,0.07347556588053784
corn,1,10154,0,222,0.06624470439476937
coffee,1,10234,0,142,0.08305001324458734
cpi,1,10273,3,100,0.04805857616017451