CATEGORY,TP,TN,FP,FN,MCC
grain,28,0,15,0,0
wheat,28,0,15,0,0
oilseed,22,0,21,0,0
soybean,22,0,21,0,0
veg-oil,17,0,26,0,0
cpi,0,38,0,1,0
corn,21,3,17,2,0.09809396326630206
linseed,11,4,27,1,0.06394412529825129
lin-oil,11,4,27,1,0.06394412529825129
soy-oil,11,4,27,1,0.06394412529825129
sun-oil,11,4,27,1,0.06394412529825129
sunseed,11,4,27,1,0.06394412529825129
sorghum,17,4,21,1,0.16073660849334082
earn,0,35,0,4,0